{
  "CHANGE CHARACTER" : {
    "transaction" : "CHANGE CHARACTER",
    "sampleCount" : 4000,
    "errorCount" : 0,
    "errorPct" : 0.0,
    "meanResTime" : 37.17425000000008,
    "medianResTime" : 5.0,
    "minResTime" : 0.0,
    "maxResTime" : 4702.0,
    "pct1ResTime" : 19.0,
    "pct2ResTime" : 23.0,
    "pct3ResTime" : 1595.989999999978,
    "throughput" : 701.3852358407856,
    "receivedKBytesPerSec" : 179.45598807645098,
    "sentKBytesPerSec" : 0.0
  },
  "GET CHARACTER ID" : {
    "transaction" : "GET CHARACTER ID",
    "sampleCount" : 4000,
    "errorCount" : 0,
    "errorPct" : 0.0,
    "meanResTime" : 42.251750000000094,
    "medianResTime" : 6.0,
    "minResTime" : 0.0,
    "maxResTime" : 4707.0,
    "pct1ResTime" : 20.0,
    "pct2ResTime" : 24.0,
    "pct3ResTime" : 1645.7799999999952,
    "throughput" : 700.5253940455342,
    "receivedKBytesPerSec" : 179.2120457530648,
    "sentKBytesPerSec" : 0.0
  },
  "CREATE CHARACTER" : {
    "transaction" : "CREATE CHARACTER",
    "sampleCount" : 4000,
    "errorCount" : 0,
    "errorPct" : 0.0,
    "meanResTime" : 38.33274999999988,
    "medianResTime" : 5.0,
    "minResTime" : 0.0,
    "maxResTime" : 4633.0,
    "pct1ResTime" : 20.0,
    "pct2ResTime" : 24.0,
    "pct3ResTime" : 1625.9699999999775,
    "throughput" : 700.770847932726,
    "receivedKBytesPerSec" : 179.2987911702873,
    "sentKBytesPerSec" : 0.0
  },
  "Total" : {
    "transaction" : "Total",
    "sampleCount" : 20000,
    "errorCount" : 0,
    "errorPct" : 0.0,
    "meanResTime" : 143.0488499999999,
    "medianResTime" : 5.0,
    "minResTime" : 0.0,
    "maxResTime" : 4707.0,
    "pct1ResTime" : 22.0,
    "pct2ResTime" : 39.95000000000073,
    "pct3ResTime" : 4009.0,
    "throughput" : 3483.1069313827934,
    "receivedKBytesPerSec" : 1715.6468374477533,
    "sentKBytesPerSec" : 0.0
  },
  "GET CHARACTERS" : {
    "transaction" : "GET CHARACTERS",
    "sampleCount" : 4000,
    "errorCount" : 0,
    "errorPct" : 0.0,
    "meanResTime" : 572.7160000000005,
    "medianResTime" : 6.0,
    "minResTime" : 0.0,
    "maxResTime" : 4692.0,
    "pct1ResTime" : 2960.9,
    "pct2ResTime" : 3939.8999999999996,
    "pct3ResTime" : 4538.949999999999,
    "throughput" : 696.8641114982579,
    "receivedKBytesPerSec" : 1011.9184859538327,
    "sentKBytesPerSec" : 0.0
  },
  "DELETE CHARACTER" : {
    "transaction" : "DELETE CHARACTER",
    "sampleCount" : 4000,
    "errorCount" : 0,
    "errorPct" : 0.0,
    "meanResTime" : 24.76949999999997,
    "medianResTime" : 5.0,
    "minResTime" : 0.0,
    "maxResTime" : 4686.0,
    "pct1ResTime" : 19.0,
    "pct2ResTime" : 22.0,
    "pct3ResTime" : 37.0,
    "throughput" : 704.4734061289187,
    "receivedKBytesPerSec" : 171.30261535752027,
    "sentKBytesPerSec" : 0.0
  }
}