{
  "CHANGE CHARACTER" : {
    "transaction" : "CHANGE CHARACTER",
    "sampleCount" : 21451,
    "errorCount" : 3318,
    "errorPct" : 15.467811,
    "meanResTime" : 27.05761969138977,
    "medianResTime" : 27.0,
    "minResTime" : 1.0,
    "maxResTime" : 230.0,
    "pct1ResTime" : 31.0,
    "pct2ResTime" : 33.0,
    "pct3ResTime" : 40.0,
    "throughput" : 715.247907705645,
    "receivedKBytesPerSec" : 192.2437733924344,
    "sentKBytesPerSec" : 0.0
  },
  "GET CHARACTER ID" : {
    "transaction" : "GET CHARACTER ID",
    "sampleCount" : 21491,
    "errorCount" : 3029,
    "errorPct" : 14.094272,
    "meanResTime" : 27.052161369875808,
    "medianResTime" : 27.0,
    "minResTime" : 1.0,
    "maxResTime" : 267.0,
    "pct1ResTime" : 31.0,
    "pct2ResTime" : 33.0,
    "pct3ResTime" : 41.0,
    "throughput" : 716.3427885737143,
    "receivedKBytesPerSec" : 182.65641145295157,
    "sentKBytesPerSec" : 0.0
  },
  "CREATE CHARACTER" : {
    "transaction" : "CREATE CHARACTER",
    "sampleCount" : 21469,
    "errorCount" : 2937,
    "errorPct" : 13.68019,
    "meanResTime" : 27.028972006148436,
    "medianResTime" : 27.0,
    "minResTime" : 1.0,
    "maxResTime" : 322.0,
    "pct1ResTime" : 31.0,
    "pct2ResTime" : 33.0,
    "pct3ResTime" : 39.0,
    "throughput" : 715.7049038237157,
    "receivedKBytesPerSec" : 183.119809376771,
    "sentKBytesPerSec" : 0.0
  },
  "Total" : {
    "transaction" : "Total",
    "sampleCount" : 107344,
    "errorCount" : 15030,
    "errorPct" : 14.001714,
    "meanResTime" : 27.026177522730762,
    "medianResTime" : 27.0,
    "minResTime" : 0.0,
    "maxResTime" : 322.0,
    "pct1ResTime" : 32.0,
    "pct2ResTime" : 35.0,
    "pct3ResTime" : 39.0,
    "throughput" : 3574.2017114507375,
    "receivedKBytesPerSec" : 3635.4532475214764,
    "sentKBytesPerSec" : 0.0
  },
  "GET CHARACTERS" : {
    "transaction" : "GET CHARACTERS",
    "sampleCount" : 21506,
    "errorCount" : 2995,
    "errorPct" : 13.926346,
    "meanResTime" : 27.066167581140025,
    "medianResTime" : 27.0,
    "minResTime" : 1.0,
    "maxResTime" : 175.0,
    "pct1ResTime" : 31.0,
    "pct2ResTime" : 33.0,
    "pct3ResTime" : 40.0,
    "throughput" : 716.2220668065407,
    "receivedKBytesPerSec" : 2905.211579110051,
    "sentKBytesPerSec" : 0.0
  },
  "DELETE CHARACTER" : {
    "transaction" : "DELETE CHARACTER",
    "sampleCount" : 21427,
    "errorCount" : 2751,
    "errorPct" : 12.838942,
    "meanResTime" : 26.925701218089387,
    "medianResTime" : 27.0,
    "minResTime" : 0.0,
    "maxResTime" : 276.0,
    "pct1ResTime" : 31.0,
    "pct2ResTime" : 33.0,
    "pct3ResTime" : 44.0,
    "throughput" : 714.4714904968322,
    "receivedKBytesPerSec" : 173.7337901696399,
    "sentKBytesPerSec" : 0.0
  }
}