{
  "CHANGE CHARACTER" : {
    "transaction" : "CHANGE CHARACTER",
    "sampleCount" : 41000,
    "errorCount" : 93,
    "errorPct" : 0.22682928,
    "meanResTime" : 122.92539024390196,
    "medianResTime" : 139.0,
    "minResTime" : 3.0,
    "maxResTime" : 30490.0,
    "pct1ResTime" : 155.0,
    "pct2ResTime" : 157.0,
    "pct3ResTime" : 168.0,
    "throughput" : 682.1055433552938,
    "receivedKBytesPerSec" : 174.5230980069209,
    "sentKBytesPerSec" : 0.0
  },
  "GET CHARACTER ID" : {
    "transaction" : "GET CHARACTER ID",
    "sampleCount" : 41186,
    "errorCount" : 117,
    "errorPct" : 0.2840771,
    "meanResTime" : 121.07019375515958,
    "medianResTime" : 139.0,
    "minResTime" : 4.0,
    "maxResTime" : 28670.0,
    "pct1ResTime" : 155.0,
    "pct2ResTime" : 157.0,
    "pct3ResTime" : 169.0,
    "throughput" : 684.9264950442359,
    "receivedKBytesPerSec" : 175.24486494295883,
    "sentKBytesPerSec" : 0.0
  },
  "CREATE CHARACTER" : {
    "transaction" : "CREATE CHARACTER",
    "sampleCount" : 41085,
    "errorCount" : 75,
    "errorPct" : 0.18254837,
    "meanResTime" : 118.5770232444937,
    "medianResTime" : 139.0,
    "minResTime" : 5.0,
    "maxResTime" : 30610.0,
    "pct1ResTime" : 155.0,
    "pct2ResTime" : 157.0,
    "pct3ResTime" : 168.0,
    "throughput" : 683.3264033264034,
    "receivedKBytesPerSec" : 174.83546647609148,
    "sentKBytesPerSec" : 0.0
  },
  "Total" : {
    "transaction" : "Total",
    "sampleCount" : 205456,
    "errorCount" : 836,
    "errorPct" : 0.40689978,
    "meanResTime" : 142.6104324040175,
    "medianResTime" : 143.0,
    "minResTime" : 3.0,
    "maxResTime" : 30610.0,
    "pct1ResTime" : 156.0,
    "pct2ResTime" : 157.0,
    "pct3ResTime" : 171.0,
    "throughput" : 3413.2305545403196,
    "receivedKBytesPerSec" : 8644.511522120145,
    "sentKBytesPerSec" : 0.0
  },
  "GET CHARACTERS" : {
    "transaction" : "GET CHARACTERS",
    "sampleCount" : 41294,
    "errorCount" : 465,
    "errorPct" : 1.1260716,
    "meanResTime" : 232.08315978108197,
    "medianResTime" : 139.0,
    "minResTime" : 3.0,
    "maxResTime" : 30544.0,
    "pct1ResTime" : 155.0,
    "pct2ResTime" : 157.0,
    "pct3ResTime" : 170.0,
    "throughput" : 686.3458821574004,
    "receivedKBytesPerSec" : 7959.186634541469,
    "sentKBytesPerSec" : 0.0
  },
  "DELETE CHARACTER" : {
    "transaction" : "DELETE CHARACTER",
    "sampleCount" : 40891,
    "errorCount" : 86,
    "errorPct" : 0.21031523,
    "meanResTime" : 117.83649213763381,
    "medianResTime" : 139.0,
    "minResTime" : 4.0,
    "maxResTime" : 27707.0,
    "pct1ResTime" : 155.0,
    "pct2ResTime" : 157.0,
    "pct3ResTime" : 168.0,
    "throughput" : 680.3713748523319,
    "receivedKBytesPerSec" : 165.44186751780336,
    "sentKBytesPerSec" : 0.0
  }
}