{
  "CHANGE CHARACTER" : {
    "transaction" : "CHANGE CHARACTER",
    "sampleCount" : 118959,
    "errorCount" : 318,
    "errorPct" : 0.267319,
    "meanResTime" : 232.20721425028887,
    "medianResTime" : 168.0,
    "minResTime" : 3.0,
    "maxResTime" : 110714.0,
    "pct1ResTime" : 192.0,
    "pct2ResTime" : 197.0,
    "pct3ResTime" : 219.0,
    "throughput" : 658.6986494792271,
    "receivedKBytesPerSec" : 168.53422476909915,
    "sentKBytesPerSec" : 0.0
  },
  "GET CHARACTER ID" : {
    "transaction" : "GET CHARACTER ID",
    "sampleCount" : 119364,
    "errorCount" : 718,
    "errorPct" : 0.6015214,
    "meanResTime" : 239.4278760765392,
    "medianResTime" : 168.0,
    "minResTime" : 2.0,
    "maxResTime" : 147835.0,
    "pct1ResTime" : 192.0,
    "pct2ResTime" : 198.0,
    "pct3ResTime" : 221.0,
    "throughput" : 660.9046161001512,
    "receivedKBytesPerSec" : 169.09864200999962,
    "sentKBytesPerSec" : 0.0
  },
  "CREATE CHARACTER" : {
    "transaction" : "CREATE CHARACTER",
    "sampleCount" : 119155,
    "errorCount" : 307,
    "errorPct" : 0.2576476,
    "meanResTime" : 229.90294993915498,
    "medianResTime" : 169.0,
    "minResTime" : 2.0,
    "maxResTime" : 142982.0,
    "pct1ResTime" : 192.0,
    "pct2ResTime" : 198.0,
    "pct3ResTime" : 220.0,
    "throughput" : 659.7766322072658,
    "receivedKBytesPerSec" : 168.8100367561559,
    "sentKBytesPerSec" : 0.0
  },
  "Total" : {
    "transaction" : "Total",
    "sampleCount" : 595804,
    "errorCount" : 2765,
    "errorPct" : 0.46407878,
    "meanResTime" : 298.5216799484281,
    "medianResTime" : 161.0,
    "minResTime" : 2.0,
    "maxResTime" : 149101.0,
    "pct1ResTime" : 183.0,
    "pct2ResTime" : 191.0,
    "pct3ResTime" : 43264.990000000005,
    "throughput" : 3298.4227688185433,
    "receivedKBytesPerSec" : 14202.080463650744,
    "sentKBytesPerSec" : 0.0
  },
  "GET CHARACTERS" : {
    "transaction" : "GET CHARACTERS",
    "sampleCount" : 119570,
    "errorCount" : 1137,
    "errorPct" : 0.9509074,
    "meanResTime" : 574.2884084636612,
    "medianResTime" : 169.0,
    "minResTime" : 2.0,
    "maxResTime" : 149101.0,
    "pct1ResTime" : 192.0,
    "pct2ResTime" : 198.0,
    "pct3ResTime" : 220.0,
    "throughput" : 661.9499205571517,
    "receivedKBytesPerSec" : 13535.860619754556,
    "sentKBytesPerSec" : 0.0
  },
  "DELETE CHARACTER" : {
    "transaction" : "DELETE CHARACTER",
    "sampleCount" : 118756,
    "errorCount" : 285,
    "errorPct" : 0.23998788,
    "meanResTime" : 215.53818754420863,
    "medianResTime" : 168.0,
    "minResTime" : 3.0,
    "maxResTime" : 86539.0,
    "pct1ResTime" : 192.0,
    "pct2ResTime" : 197.0,
    "pct3ResTime" : 215.0,
    "throughput" : 657.5818821119078,
    "receivedKBytesPerSec" : 159.9002818807276,
    "sentKBytesPerSec" : 0.0
  }
}